t;X_sans_intervention;Y_avec_intervention
1;67;67
2;69;69
3;68;68
4;71;71
5;69;69
6;69;69
7;70;70
8;68;68
9;68;68
10;70;70
11;69;69
12;72;72
13;66;63
14;69;72
15;68;68
16;68;68
17;70;70
18;67;67
19;65;65
20;69;73
21;67;67
22;70;70
23;71;71
24;68;68
25;69;69
26;68;68
27;69;69
28;68;68
29;68;68
30;70;70
31;71;71
32;70;70
33;72;72
34;69;66
35;68;68
36;66;66
37;67;70
38;68;71
39;70;73
40;70;69
41;72;71
42;69;68
43;71;70
44;68;67
45;69;68
46;69;68
47;71;70
48;70;69
49;69;68
50;71;70
51;71;70
52;66;65
53;72;75
54;68;65
55;70;71
56;74;75
57;72;67
58;71;66
59;71;69
60;68;66
61;67;68
62;69;70
63;68;69
64;66;67
65;67;68
66;68;69
67;71;72
68;68;66
69;70;71
70;71;72
71;66;64
72;71;74
73;68;66
74;71;72
75;70;68
76;67;65
77;69;71
78;67;69
79;67;69
80;72;74
81;69;66
82;70;70
83;72;72
84;69;66
85;64;64
86;67;72
87;69;71
88;68;70
89;70;72
90;70;69
91;72;71
92;67;66
93;68;70
94;68;70
95;67;69
96;71;73
97;71;69
98;69;67
99;70;68
100;70;68
