Lot;Taille_lot;Non_conformes
1;150;3
2;150;4
3;150;2
4;150;5
5;150;6
6;150;10
7;150;5
8;150;4
9;150;3
10;150;11
11;150;9
12;150;2
13;150;7
14;150;8
15;150;4
16;150;2
17;150;6
18;150;5
19;150;4
20;150;3
21;150;6
22;150;7
23;150;9
24;150;10
25;150;14
26;150;13
27;150;10
28;150;9
29;150;8
30;150;10
31;150;3
32;150;2
33;150;4
34;150;6
35;150;4
36;150;10
37;150;8
38;150;7
39;150;14
40;150;13
41;150;4
42;150;8
43;150;4
44;150;10
45;150;14
46;150;8
47;150;12
48;150;4
49;150;5
50;150;14
51;150;2
52;150;8
53;150;6
54;150;10
55;150;8
56;150;6
57;150;4
58;150;6
59;150;15
60;150;4
61;150;7
62;150;2
63;150;6
64;150;9
65;150;10
66;150;7
67;150;9
68;150;16
69;150;11
70;150;13
71;150;3
72;150;13
73;150;3
74;150;7
75;150;3
76;150;2
77;150;9
78;150;4
79;150;13
80;150;3
81;150;6
82;150;1
83;150;4
84;150;13
85;150;12
86;150;10
87;150;2
88;150;5
89;150;7
90;150;10
91;150;4
92;150;2
93;150;2
94;150;6
95;150;4
96;150;10
97;150;8
98;150;14
99;150;6
100;150;4
101;150;7
102;150;4
103;150;8
104;150;7
105;150;3
106;150;6
107;150;7
108;150;8
109;150;4
110;150;12
111;150;6
112;150;17
113;150;5
114;150;10
115;150;8
116;150;9
117;150;11
118;150;7
119;150;2
120;150;8
