Echantillon;X1;X2;X3;X4;X5
1;2381;2108;2387;2384;2254
2;2493;1421;2050;2340;1923
3;2159;2356;2242;2550;2174
4;2002;2226;2302;2165;2185
5;2364;2262;2547;2271;2172
6;2304;2384;2491;2154;2350
7;2396;2279;2151;2437;2105
8;2653;2602;2304;2524;2651
9;2457;2018;2495;2133;2518
10;2082;2238;2171;2424;2509
11;2028;2120;2350;2350;2458
12;2204;1843;2128;2185;2193
13;2327;2151;2240;2239;2051
14;2386;2390;2319;2402;2411
15;2101;2146;2681;2138;2396
16;2452;2010;2546;2202;2173
17;2259;2353;2215;2479;2050
18;2448;2383;2196;2518;2427
19;2542;2484;2616;2500;2234
20;2310;2848;2822;2433;3128
21;2813;2932;2808;2691;2743
22;2744;3027;2684;2702;2548
23;2575;2542;2691;2422;2619
24;2843;2555;2662;2743;3163
25;2869;2802;2492;2752;2850
26;2721;2917;3034;2504;2963
27;2772;2689;2328;2436;2626
