Jour;Date;X1;X2;X3;X4;X5
1;1 déc;60;59;54;57;58
2;2 déc;60;59;56;63;59
3;3 déc;61;55;56;61;58
4;4 déc;63;60;57;59;61
5;7 déc;57;58;54;59;61
6;8 déc;56;58;51;59;61
7;9 déc;58;50;51;52;66
8;10 déc;58;53;52;58;56
9;11 déc;56;62;53;59;60
10;14 déc;57;58;58;58;60
11;15 déc;64;64;53;54;60
12;16 déc;64;61;66;48;51
13;17 déc;55;55;55;52;58
14;18 déc;58;66;60;62;61
15;21 déc;70;69;70;70;70
16;22 déc;70;70;70;61;71
17;4 janv;55;51;44;53;58
18;5 janv;52;58;48;49;52
19;6 janv;44;46;51;46;46
20;7 janv;57;58;46;46;56
21;8 janv;59;65;52;56;62
22;11 janv;62;57;56;60;58
23;12 janv;58;53;43;43;62
24;13 janv;52;63;48;54;54
